source_row,role,algorithm_group,pc1,pc2
153,fit,0,-1.3503498826086233,0.15663421614091824
111,fit,0,-1.3756848768367258,0.8004406783235279
34,fit,0,-0.03073430307568954,1.4855382874433793
363,fit,0,-1.1273390160429524,-0.9126269771449091
235,fit,0,-0.47426521230904317,1.3733633800191802
118,fit,0,-0.14525747175473155,0.30339133066101986
192,fit,0,-3.239453792538533,-0.8706960273342814
314,fit,0,-1.8124659852065932,0.2811925821898738
328,fit,0,-1.8132028724388065,-1.7314704510677392
273,fit,1,0.17120597152128,-1.192730903241106
219,fit,1,2.2099986376974656,-1.619005730113224
281,fit,0,-0.85053876912938,-0.22452528172814426
212,fit,1,3.27037122609719,1.2885315836866054
74,fit,0,0.25626861887513974,1.214680198397467
134,fit,0,-1.7450099891950703,-0.7087306801685875
48,fit,1,3.887367692746599,2.4138838295101928
148,fit,0,-0.3226069170628302,-0.08261881144048484
107,fit,1,1.8184791371208116,-1.4852479086407215
168,fit,1,0.09408435227984087,-1.0169384550705494
207,fit,0,-2.091935225047021,-0.691323764749917
162,fit,0,-3.9651259103659027,0.7558487588872156
188,fit,1,0.20140598150860914,-1.8563247302569845
102,fit,1,2.0921098204478903,-0.27462033372012024
139,fit,1,0.1470359881586287,-0.1116316580759084
204,fit,0,-1.6522884055631855,-3.151188900015845
321,fit,0,-0.567259189271275,-0.9019242872326033
277,fit,0,0.16719288864185686,1.598014118538854
151,fit,0,-1.3104837090552477,0.29307825081001554
223,fit,0,-1.4928067935452876,0.35161969592706094
184,fit,1,2.005097165935673,4.157171050449631
149,fit,0,-2.5903568756639874,0.16878386999733339
436,fit,1,0.6890146895306326,2.2370274378975887
95,fit,1,1.6116087007652882,-1.4694534533984007
205,fit,0,-2.07143910316581,-0.15355995210235385
141,fit,1,0.4952678517499862,1.0947858908172867
229,fit,0,-1.6218523143924628,-1.4519915378082136
191,fit,0,-1.4480152899086776,0.3400708369329954
334,fit,1,3.0675512971010503,-1.1276493691089766
33,fit,0,-0.7619093865408058,-0.6786560397741628
421,fit,1,1.8768118153670856,-1.9530050991285097
2,fit,1,1.441768602092055,0.45093686017062745
413,fit,1,0.8870273867497769,-4.085307578338524
213,fit,0,-1.3177239733899775,0.2936522564767541
67,fit,1,0.14822431315691859,-5.12831967875582
410,fit,1,0.7258006298312136,1.0445552758005332
55,fit,0,-1.3895211849700788,1.0560408365191563
7,fit,1,0.5721713585263452,-0.523027440727031
198,fit,1,1.4643389741926398,-0.3159527006171807
232,fit,1,0.5955131699600628,-0.5267533370290487
75,fit,1,1.080967642799867,0.3491087552649949
268,fit,0,-0.7626943818304175,1.4881883557097297
275,fit,0,-0.6826535139429161,-0.9946716162348739
23,fit,0,0.06889025452400097,2.091810446541399
434,fit,0,-0.7770344304518038,-0.12575435573167912
343,fit,1,1.2702964425981422,-1.8215827642067084
47,fit,1,2.300259311809873,-0.019154722202988788
199,fit,0,-0.2968870812722533,0.5672829045431267
234,fit,0,-0.9612329686992641,-2.743718511902557
120,fit,0,-1.1323547926451818,0.5290940290656293
285,fit,0,0.5264790600672227,2.2446351142455705
1,fit,1,1.3447264286352432,-0.4136786414596894
165,fit,1,0.9100518958981256,-0.3330324015077876
239,fit,0,-3.114296483486998,-0.5870124787285397
433,fit,0,-0.44640849108212927,-0.7424564956477004
335,fit,0,-1.211046673584836,1.9099333870508015
308,fit,0,-0.7500884337355785,0.3727600835300658
282,fit,1,0.9870258051143893,0.5103147246558298
137,fit,1,1.0283485956116676,0.6929775753495033
320,fit,1,2.6666954990725835,0.3286298127194674
250,fit,0,-0.6968914290559859,0.41427452719728386
225,fit,0,-2.2295159231331083,-0.30683140897172917
161,fit,1,1.3650585051077224,-0.5191978676569372
195,fit,0,-1.0370657498780065,-0.15294172739029702
389,fit,0,-2.0672612850507197,-0.04713878041313757
40,fit,0,-2.275480395263472,2.26444313014567
206,fit,1,2.3126998325950456,-1.0241324891675525
144,fit,0,-1.752756103440734,0.6728733526355208
187,fit,0,-1.8805508803325046,-0.06258393978488042
132,fit,0,-3.120498936133375,-1.4570916356705563
388,fit,0,-1.3516885389410436,0.7402953623830403
130,fit,0,-1.4578251178193777,1.1164678991077828
135,fit,0,-1.6660039106679914,-0.3125206145038496
264,fit,0,-0.16157844361841633,-0.3789115523649107
372,fit,0,-1.042920764177853,1.2533866560636187
92,fit,0,-0.6758949769751105,1.2760710767150942
424,fit,1,0.2025653935492759,0.14245402017693362
82,fit,1,1.7998509570130674,-2.8550952694770277
160,fit,1,1.7822707878442765,-2.256262150760097
392,fit,0,-0.96908160275623,-0.12403815052012095
12,fit,0,-0.8516787611210084,-0.0003875682020436512
364,fit,0,-0.49881301603458544,-1.6189816586107888
101,fit,1,1.7596988149702015,1.0770800996688878
374,fit,1,0.9876855308417778,0.9019343803740286
251,fit,0,-1.2132771304741807,-0.19657897909856561
71,fit,0,-1.2359757590609461,1.6189163071098538
245,fit,1,1.434965358461874,0.227333798122867
26,fit,1,0.48799699333516167,-1.7163854739715563
411,fit,0,0.1315780725073631,0.24560258219068226
362,fit,0,-2.406516959574411,-0.5057207977584934
247,fit,0,-1.004371304389454,0.15095099879429552
103,fit,1,1.1858844138688738,0.1252218836005836
65,fit,0,-0.6038982338884356,0.361563256272482
174,fit,1,2.0674687379548162,-1.3754771166265443
244,fit,1,0.5230905612482493,0.17361689398668523
422,fit,1,1.0781657187220164,0.4831302026351721
368,fit,0,-2.3535222243932066,-0.5800069820044618
271,fit,0,-2.4972428969422245,-0.5416997930080557
224,fit,0,-0.11455071910921553,0.4919739316112121
52,fit,1,0.474808352305802,-1.5469070060688965
183,fit,1,1.4457810592126574,-2.174264007884885
267,fit,1,2.1750786475029855,-0.3480378599522666
87,fit,1,3.539498981163262,0.4276379180840345
186,fit,0,-1.5686471330398113,0.07162115963935094
263,fit,0,-1.3013641601612458,0.22990633636238372
106,fit,0,-1.1957107676184104,0.3387024823624749
367,fit,0,-1.3201124134584734,-0.11239865729515998
255,fit,1,1.1388324670145586,1.4416507405038768
173,fit,1,0.9712152824136041,-1.5508756147767337
401,fit,0,-1.95292184392646,0.38600998390448754
416,fit,1,1.1725000249759552,0.4481442692110125
113,fit,0,-0.6303273739070493,1.8187951164171645
210,fit,1,2.2217234045061933,-0.3760791061754682
122,fit,0,-1.2547796403117837,-0.3155523482554882
28,fit,0,-1.6767316481802608,-0.3861680172977707
66,fit,1,3.788776198493656,-3.3381614474076042
307,fit,1,2.2489359134285776,0.3325599787167548
402,fit,0,-1.3482623862021124,2.108484158061318
84,fit,0,-1.1634229585882978,0.6589752529126455
418,fit,1,1.305530466352662,-0.7037889414168743
233,fit,0,-0.7894970025343919,0.18717318113893103
344,fit,1,1.6870684522330734,-1.9198397800275135
329,fit,0,-0.9294396017270741,1.4991586514089805
342,fit,1,1.564799702180556,-0.39452075719310414
114,fit,0,-0.8502550613499792,0.9860950017012272
332,fit,1,2.461621141832143,0.22076987303248727
227,fit,1,1.0153747016772663,0.7954528697574581
203,fit,1,0.8257712479496879,2.1629356867434124
305,fit,1,2.540157211709703,-1.5686336197340336
181,fit,1,1.0651118203920251,0.15931502411804407
63,fit,1,0.8940127347566494,0.6111332422690341
86,fit,1,4.325555819016981,0.6619831504528523
202,fit,1,2.5563258512602354,0.5040263418928084
423,fit,0,-0.44176137336916194,0.37673245676616324
222,fit,1,1.3427616713458366,-1.9155060471761567
136,fit,0,-1.4285556515868791,-0.4689795041866838
94,fit,0,-1.3774593915257114,2.387334344884607
296,fit,0,-0.05790579505236958,-1.1067186187291684
319,fit,0,-0.8991909277474445,-0.6862065544822813
91,fit,0,-2.492771939780444,0.3092701284735827
78,fit,1,2.497540253593967,0.021798930975224798
51,fit,0,-1.0531644104442328,0.7912483613930844
142,fit,0,-0.022555137870749267,0.4265863159203876
193,fit,0,-1.3476788051643391,-0.7730955733905908
378,fit,0,-1.0346203701293697,0.86694328353803
154,fit,0,-0.005267327399686669,-0.08399216569050086
50,fit,1,2.8093622715634905,0.10820170938288434
10,fit,1,2.1977991462293067,0.19778243512761737
408,fit,1,1.9552485559792783,0.18178258597444572
25,fit,1,1.8492733093258706,1.6049657476327934
13,fit,1,1.8940078456368221,0.3982568669836531
241,fit,0,-0.09667468719871619,1.9870031059534194
59,fit,0,-1.340384575831349,-0.3105628745599376
240,fit,0,-0.3012436916197013,1.8096342435672144
331,fit,0,-0.840495077299861,0.7222267091485961
61,fit,1,0.6891480979932713,-1.8043353934924058
11,fit,1,1.449364748899889,0.4815452727248885
201,fit,1,2.222221485270894,0.07976247801597391
350,fit,1,2.2115479949021943,-0.17238524658244636
399,fit,0,-2.8539551372108773,0.4692518491076015
217,fit,1,2.929383536905373,-1.5103953727812494
432,fit,0,0.33204503956052983,1.4416688734001097
119,fit,0,-1.0484105979064033,1.142202513551295
394,fit,0,-0.2512392027523082,1.493876320500061
38,fit,1,1.6287194837359977,0.3909855043700479
44,fit,1,1.9327035416070177,-2.268829237943288
96,fit,1,0.0509015453175687,-3.530111516569892
425,fit,1,0.6160050961416303,-0.4482199216432388
115,fit,0,-1.69046177185865,0.8927538280395202
46,fit,1,2.736052707445562,0.7441793285589688
54,fit,1,1.5670360664821141,-1.8922968668337592
246,fit,1,2.023490774343582,-0.7845686472351601
437,fit,0,-2.108171132911421,1.7961563272619379
85,fit,1,0.10953017087307648,-0.708257021441439
99,fit,0,-3.7053500344888843,-2.09821578196283
256,fit,0,-2.4364890958968446,0.876264230022169
72,fit,1,1.1550465211392,1.9739084514799554
159,fit,1,1.3945611739365122,-0.2872727511693625
5,fit,1,0.8679640019770805,1.7174269862002167
254,fit,1,0.9434709440772528,0.34176688146290946
155,fit,0,-5.889712003561752,-4.177361719063115
228,fit,0,-1.2406498712063387,0.02667869061233223
415,fit,0,-0.66265210746253,0.150101590263981
164,fit,1,2.4170906027359167,-0.13229609235649742
70,fit,0,-1.1504577865352466,-0.8463075217798023
270,fit,0,-2.692317340378778,-0.09624630428982611
358,fit,1,1.0609198023363242,-4.244106360900947
170,fit,0,-2.058838344944664,0.156543757079373
407,fit,0,0.09289346674887121,1.5470967537031382
182,fit,1,2.4254644677218837,3.3305478456609543
279,fit,0,-0.945421937444505,1.1750802822572364
359,fit,1,0.4021596866039968,0.7098016388823435
20,fit,1,0.5159092181159383,-0.5986696064522314
18,fit,0,0.12295599064875815,0.5143063855068709
414,fit,0,0.35975406925733416,1.5589194459908307
90,fit,0,0.017469681103809892,1.5504787365895825
9,fit,1,0.4823402604327376,-0.6861568108296681
248,fit,0,-3.402030701279652,0.40753714401780605
138,fit,1,0.20019364630462974,-1.8400298927385697
200,fit,0,-0.9665335166953869,-0.6355274350593699
104,fit,0,0.3987895610396484,2.475732104604841
80,fit,1,0.17530478723814444,-0.518458530718402
41,fit,0,0.34001073822915084,2.2311956839710025
237,fit,0,-1.4735705307028426,-0.25759262509264685
100,fit,0,-1.460087478972379,0.5045208883144205
360,fit,0,-0.371691288710419,-1.3916454245600518
143,fit,0,-1.6485967330857447,-0.8355239515523384
21,fit,1,0.5798891047529908,0.6194286878241648
258,fit,0,-0.40660306824722947,0.676115853571305
167,fit,1,1.5603556870141138,0.2561895136966184
291,fit,0,-0.2634087578818311,-0.6280865184929219
316,fit,1,2.104000937494217,-0.34250526154251326
357,fit,0,-4.87576092929293,0.7585571792969984
58,fit,1,2.044954553391213,-1.6518155490722037
242,fit,0,-0.960705021445374,0.8503468904744559
438,fit,1,2.8573900137665227,0.01856288567239558
312,fit,0,-0.6580405926899447,0.1802176926922765
318,fit,1,0.30185272053062157,-0.5975997845003483
209,fit,1,0.6317700165160469,-0.5316706802105536
419,fit,1,2.13444070016906,-2.1373244335659396
37,fit,1,0.41556876801486753,1.4238261910588836
397,fit,1,1.56352178963947,0.5727861598396472
158,fit,0,-1.06892533764009,0.4804894886462277
83,fit,1,1.6160061893399853,0.28707573493173605
381,fit,0,-1.5378183515406363,0.542444762422158
68,fit,1,1.423028389809597,0.3282626022263064
157,fit,1,1.8764300951166761,-0.4890956012776499
347,fit,1,1.6716195699329184,0.001743526943958227
386,fit,0,-1.7389045509521048,0.6179508267604066
6,fit,1,0.8642533671998059,0.05964467778462335
439,fit,0,-1.0195144972724517,0.48286303753404564
194,fit,1,1.5404119864692538,-1.8586818587331368
420,fit,0,0.007351018950157135,-0.010533611472593319
123,fit,0,-4.156024861456748,0.4537719200255828
27,fit,0,-1.395990151730162,0.5197078216274104
366,fit,1,1.3431337434505932,0.41507304148425894
69,fit,1,0.4170918473052976,0.9038317240297146
303,fit,1,1.3176884173732584,-1.2236701809901525
406,fit,0,-1.6317517635145375,-0.15736814876456243
302,fit,1,1.8964178663706937,-0.6439066367680828
24,fit,1,2.877416875163972,2.475609771167693
361,fit,0,-0.934443962005476,0.5824048303792424
276,fit,0,-2.6891460697248615,-1.3030121379421526
301,fit,1,0.9797265959000105,0.45899237140695154
163,fit,0,-0.9486689636685419,0.5505372820366603
3,fit,1,1.5411319690089458,1.1499563032022067
390,fit,0,-1.5843243582812727,0.47008090431749394
172,fit,1,3.1059336808096334,-0.9275583430126155
340,fit,0,-0.5645817781607754,0.809658299430937
355,fit,0,0.21725453058185148,1.5189230815721555
293,fit,0,-0.11720986119124942,0.2403846072768564
297,fit,0,-0.7854181108176921,0.7582155076756631
64,fit,1,1.9482891263806172,0.6270833005291994
356,fit,0,-1.7457603898042113,-3.0362098787981435
196,fit,0,-0.11035887335951641,1.6000018364985573
375,fit,0,-1.126083945413618,-0.007262673704014634
215,fit,1,1.482400630184546,-0.7054794350464324
112,fit,1,2.0538844426214555,0.20072751156006213
393,fit,0,-0.5315653454271585,-1.3326254886764322
341,fit,1,1.4765572498232011,-1.6744665995527093
383,fit,1,1.0119860594982,1.4720049719883872
338,fit,0,-1.1552187282455175,0.96942129423753
284,fit,0,-0.8929656988857411,1.7978732545343679
391,fit,0,-1.5834669938905128,0.456083535335306
349,fit,0,-0.5353741565553376,-0.39333737417151465
309,fit,0,-1.173718020188297,-0.6796249972238502
311,fit,0,-1.2508325471132495,1.1968239890145418
339,fit,0,-2.1695967619780947,-1.9980858118435367
295,fit,0,0.01495486389652258,0.5336094650601402
288,fit,0,-0.9291294539652213,1.295432263186903
88,fit,1,0.9705768025007504,2.6118916939315118
435,fit,1,0.6880069055735276,-0.018134689352962887
252,fit,1,3.1737171460598788,1.4062377831086696
121,fit,0,-1.2439530610186218,0.7733016031501738
310,fit,1,2.2005171025851245,-0.7540341006029603
178,fit,0,-0.6775714844535583,1.1250477102509722
398,fit,0,-2.0074371004125653,1.0544007760414573
117,fit,0,-0.9343412093786077,-0.23864565079922245
353,fit,0,-1.989818281385567,-1.7294880285171628
379,fit,0,-1.0893983759157688,-0.7581037990212223
294,fit,1,1.7590495595357383,-0.4787847290443442
326,fit,1,1.4242228264863745,3.312190713097434
179,fit,0,-0.38850996511268493,-0.00388551167807264
45,fit,1,0.9195828982903129,-1.3693481340821496
259,fit,0,-0.31446322419526973,2.211355580110612
346,fit,1,0.6451655437602675,-1.8090752349635622
57,fit,1,3.0249156781812077,0.2866081138945379
283,fit,0,-0.047248141655475834,1.7189291532745468
145,fit,0,-0.6832154932034911,-1.257649543298735
325,fit,0,-0.964496665541966,1.0428427875765887
431,fit,1,0.6356547904623401,-0.3012046175999277
299,fit,1,1.14296053060158,-0.17934360033871966
354,fit,1,2.2321061648067038,-2.476093619314673
428,fit,0,0.4296454073956579,2.080037973513518
220,fit,0,-2.8563452057440033,-0.7361814813983679
73,fit,0,-0.3829733390292649,0.14415089656845267
79,fit,0,-1.658337685698285,-0.2700921491952238
53,fit,1,0.6094468218898935,0.39162384323797106
315,fit,0,-0.026271256622228144,0.30406617615539216
324,fit,0,-0.01897100270743483,-0.25654032796643506
36,fit,1,1.2296276959841124,-1.480723654782676
60,fit,1,1.239451205710321,-0.938153038001948
180,fit,0,-0.42116535212797435,0.7693856861160564
380,fit,1,0.550037796288525,-1.9220304966534019
257,fit,0,-0.08167469315285314,-0.5695503398925283
440,fit,0,-1.0735806828161698,-2.923038816681443
345,fit,0,-1.646464017189023,-0.39332663231569226
109,fit,1,1.283838415249141,-1.2320838265596954
405,fit,0,-0.17323330939777593,0.9213334319800388
400,fit,0,-2.115517070182973,-0.18588364858028378
236,fit,1,0.030117146203251843,-0.9336331660541382
93,fit,1,3.284475843476881,1.2360102983487882
131,fit,0,-1.551348594911145,0.8653503275293023
417,fit,1,1.7742774352263637,-0.3563629969506769
365,fit,0,-1.4883408441897044,-0.7772455373327966
185,fit,0,-1.342147931535417,-4.3805804641421116
404,fit,1,0.4176484750271691,-0.8879523589341335
238,fit,0,-2.214996473041585,1.4160632204392074
19,fit,1,1.237150453356537,1.147320812809129
147,fit,0,-1.5420486389316004,-0.20719065108440826
387,fit,0,-0.44783929040657955,-0.3867279829687666
62,fit,1,3.656735522660259,1.4012547598235403
384,fit,0,-1.057333671104538,-0.3818317412920384
272,fit,0,-0.7775786437499242,-0.13985982534370928
376,fit,0,-1.7316771598118683,-1.4475608951784869
369,fit,0,-1.7309199542541598,0.5543713694199437
22,fit,0,-1.5401995144659102,0.14667562433583514
280,fit,1,1.229068238627258,0.601645018812986
396,fit,0,-1.456750540001474,0.03361746015130081
49,fit,1,1.456631050503801,-0.027232293519988272
221,fit,0,-2.2678911316293884,0.45989165703654594
300,fit,0,-1.4103416201774683,-2.38320777507493
218,fit,0,-1.507649387584332,0.8764364798515422
395,fit,0,-1.5948545912604783,-0.011140114917891252
31,fit,1,0.9670455282993574,0.7695292997551061
243,fit,0,-1.4010343965759773,0.6136584846441664
371,fit,0,0.0319227390964709,1.1511871971761523
333,fit,0,-1.0531432697431338,1.2925820261913192
8,fit,1,1.1642316850372219,0.5362631563700948
110,fit,1,0.9046245153090375,-3.0245682891738332
292,fit,0,-0.7382390688998773,0.2571404577332507
146,fit,1,2.910113712160704,-0.6265089860789618
427,fit,1,1.7030190004248507,0.9590749381555438
152,holdout,0,-0.5580158142848322,-0.7117744339667549
289,holdout,0,-1.9828251603220075,-0.4332990948180358
15,holdout,1,1.8172760954965714,0.14564353910567554
166,holdout,1,2.1390884714241185,1.2834169615405324
370,holdout,0,-3.313808074220485,-0.5455705755670023
226,holdout,0,-0.11263386953228839,-0.10788903215528953
274,holdout,0,-1.1658480175855699,1.7044643210402761
278,holdout,0,-2.39100025615214,0.5445056797902807
35,holdout,0,-0.8142145871135675,-1.452125295155431
128,holdout,1,1.3327086292924721,0.7278719451929848
42,holdout,1,0.5555124020948873,1.020982739307533
81,holdout,0,-1.0419753007673545,-0.8181495146675883
208,holdout,1,0.5079043172799834,-0.8814684662567207
429,holdout,0,0.11365317427180344,-0.4254222251341203
317,holdout,0,-1.62432820261677,0.5105490778771137
124,holdout,1,0.783652047506055,-0.235062695276598
352,holdout,1,2.5198911556908263,-0.13322257794651077
129,holdout,1,-0.16818018862454762,-4.694267736301943
304,holdout,1,1.0477219880189934,-2.095169391018615
313,holdout,1,1.4829515843076928,-1.4092749135660245
125,holdout,0,-0.8539515997180347,1.5159680570117213
97,holdout,1,0.8461090719047283,-3.9949019361049802
211,holdout,0,-1.24908927122847,0.9675953230811349
39,holdout,1,2.3160780244351016,-2.187515067667801
426,holdout,0,-1.2412190544959087,1.7922387663031643
230,holdout,0,-0.6374522402099848,0.9480666987422511
262,holdout,0,-2.5894625237178777,0.5000025830461342
336,holdout,1,1.3880060670554843,0.892058967947648
231,holdout,0,0.39533170261090855,1.4853186567773333
323,holdout,0,-1.158996781733854,0.13095099566518062
89,holdout,0,-2.2300168706297363,-0.24205681271797835
348,holdout,1,1.3246960902388851,0.9362511543433968
385,holdout,1,1.4163956051801554,1.5895186988928869
76,holdout,0,-6.145395180074237,1.4971731769907666
140,holdout,0,-0.02004043626168417,-0.21885081128113965
30,holdout,0,-0.5559737033849048,0.6381178816150133
382,holdout,0,-1.1205986053573023,1.2894863509958834
176,holdout,1,1.8672819546862611,-1.72217725498097
261,holdout,0,-0.2379001491293595,-0.6564089134192941
260,holdout,0,0.28639594852660033,1.2152005703991533
156,holdout,1,2.5320146788059708,-1.0273755079668176
56,holdout,1,0.42935426151441647,-0.1385040039602744
133,holdout,0,-0.7010689560459223,-0.5010869683270069
377,holdout,1,1.5732085766078276,0.5479971047571
77,holdout,0,0.00848685697238053,-0.03258385207328988
306,holdout,1,1.4322684992332526,-2.1141353086042813
214,holdout,1,1.117941075420708,-0.17703956713757535
290,holdout,0,-4.245534579560694,-0.6795149274549179
171,holdout,1,1.6865104166056817,-1.8420059622278624
269,holdout,1,1.7905073136210627,-0.034455055799761616
197,holdout,0,0.28011248547219664,2.434453970960824
327,holdout,0,-1.3263489183099788,0.29259972680547514
322,holdout,0,-0.6939549217678787,0.5837807613216996
286,holdout,0,-1.946581469877434,-1.0522812384000673
98,holdout,0,-3.549669949218382,-2.4627542961713753
373,holdout,0,-0.37309551942113534,0.3678915303422696
4,holdout,0,-0.7802912600631544,1.2501879645937874
175,holdout,0,-0.8233725047064906,-0.7584198532082236
189,holdout,1,1.3439058585626193,0.047471984843068984
287,holdout,0,-1.1614257768733174,-0.6632973759808938
409,holdout,1,0.4070575821895637,-0.24657882579545692
16,holdout,0,-0.6778439272317396,-0.8091363042255602
116,holdout,0,-1.475968031671327,0.34289306114871576
169,holdout,0,-2.5839433941320076,-0.27195280625640766
32,holdout,0,-0.07748421956086404,-0.06856102661985738
43,holdout,1,1.297070822375431,-1.9897832966060074
351,holdout,0,-1.4977168055141359,-0.047230151585774184
337,holdout,0,-1.629940545203989,-0.024164947901129573
249,holdout,0,-0.3096233920020397,-0.14799064376578072
29,holdout,1,2.9025648513201463,0.4530986005769145
298,holdout,1,0.5455475585008673,-0.17736958924760218
265,holdout,1,2.1945714922274338,-2.0872783107285198
108,holdout,1,1.960412592601503,0.552192522357451
430,holdout,0,-0.7491640252311624,-0.9774430223181948
266,holdout,1,1.6138898891626972,1.6538458126764355
17,holdout,1,1.835626952832526,-1.785656589534762
330,holdout,0,-0.7349895220359834,0.4253117162834584
412,holdout,0,-0.28470776817501037,0.34514704417359915
14,holdout,1,1.382849995696053,0.6251292133515499
105,holdout,0,-0.33666265389738487,0.05281909994288315
253,holdout,0,-0.7816275519593889,1.1260118826671992
216,holdout,1,2.046355210532229,0.04313227185035707
126,holdout,0,-0.12056055889189858,2.1963995809296843
403,holdout,0,-1.2673170422235704,-0.4031737332724809
190,holdout,1,1.9547118565411263,-1.2725328550543917
150,holdout,0,-1.567983976142226,0.6551571765282006
127,holdout,0,-1.4561051501345315,1.0817469253711
177,holdout,0,0.24175547684698556,1.0794427006853577
