source_row,role,model_responsibility_0,model_responsibility_1
153,fit,0.9976901399175748,0.002309860082425338
111,fit,0.9983576013510727,0.001642398648927204
34,fit,0.8761513421348265,0.12384865786517385
363,fit,0.9898769629268115,0.010123037073188096
235,fit,0.9688440286535575,0.031155971346442213
118,fit,0.8438748395565359,0.1561251604434637
192,fit,0.9999958260182245,4.1739817761746795e-06
314,fit,0.9995973952006624,0.0004026047993375004
328,fit,0.998710794893742,0.0012892051062571464
273,fit,0.44353549955438504,0.5564645004456144
219,fit,0.0003281294339347051,0.9996718705660638
281,fit,0.9813818166400554,0.018618183359944453
212,fit,3.483738948406e-05,0.9999651626105153
74,fit,0.6882209359944765,0.31177906400552363
134,fit,0.9990168432519437,0.000983156748056075
48,fit,6.649362752247502e-06,0.9999933506372475
148,fit,0.8924881764863386,0.107511823513661
107,fit,0.0013532703159503437,0.9986467296840498
168,fit,0.5075360769511837,0.49246392304881637
207,fit,0.99973399517765,0.00026600482234999856
162,fit,0.9999998662167543,1.3378324596104733e-07
188,fit,0.3991266090582904,0.6008733909417111
102,fit,0.001083494183182422,0.9989165058168175
139,fit,0.5627320231178967,0.43726797688210345
204,fit,0.9955425930579813,0.004457406942018635
321,fit,0.9281520179380139,0.07184798206198607
277,fit,0.7714338558569649,0.22856614414303544
151,fit,0.9972219264165996,0.002778073583399922
223,fit,0.9987753568165821,0.0012246431834181343
184,fit,0.017062600029850127,0.9829373999701514
149,fit,0.999973547073645,2.6452926355147996e-05
436,fit,0.4469814952315417,0.5530185047684588
95,fit,0.003348370828854913,0.9966516291711449
205,fit,0.9997973578544312,0.0002026421455691376
141,fit,0.42977757525849863,0.5702224247415019
229,fit,0.9976595007878664,0.0023404992121342353
191,fit,0.9987732505512574,0.001226749448742593
334,fit,1.6557052779894287e-05,0.999983442947221
33,fit,0.9646439106362686,0.035356089363731066
421,fit,0.0007942600496711879,0.9992057399503296
2,fit,0.016957247871072605,0.9830427521289276
413,fit,0.011884248884154224,0.988115751115847
213,fit,0.9971998696773468,0.00280013032265351
67,fit,0.09604028622288528,0.9039597137771131
410,fit,0.2305048290331187,0.7694951709668811
55,fit,0.9986345383400324,0.0013654616599677008
7,fit,0.18939218429665078,0.8106078157033488
198,fit,0.010216597908301726,0.9897834020916985
232,fit,0.19588318479769254,0.8041168152023073
75,fit,0.05641810524398508,0.9435818947560146
268,fit,0.9887189299907413,0.011281070009258416
275,fit,0.9466535712182838,0.05334642878171662
23,fit,0.8554525527482745,0.14454744725172577
434,fit,0.9768589538302521,0.023141046169748037
343,fit,0.008919833027322072,0.9910801669726779
47,fit,0.0005932576993671378,0.9994067423006332
199,fit,0.9165715892704701,0.08342841072953006
234,fit,0.9637151635053531,0.03628483649464612
120,fit,0.9957421194955997,0.00425788050440025
285,fit,0.5690893453037278,0.43091065469627315
1,fit,0.014155812304365275,0.9858441876956351
165,fit,0.08060424898444006,0.9193957510155597
239,fit,0.9999941680120809,5.831987918396571e-06
433,fit,0.8919225274082607,0.10807747259173836
335,fit,0.998327644327399,0.001672355672601188
308,fit,0.9800678711878971,0.019932128812102632
282,fit,0.08258813334614105,0.9174118666538592
137,fit,0.0854017316705937,0.9145982683294062
320,fit,0.00018355255106354952,0.9998164474489362
250,fit,0.9792362787933045,0.02076372120669568
225,fit,0.9998664859540676,0.0001335140459326117
161,fit,0.012402613528269118,0.9875973864717305
195,fit,0.9901151434972715,0.009884856502728018
389,fit,0.9997977417018061,0.00020225829819380507
40,fit,0.9999708859054292,2.9114094570426654e-05
206,fit,0.0003330532473919132,0.9996669467526085
144,fit,0.99960330740013,0.00039669259987018036
187,fit,0.9995763686992295,0.00042363130077030254
132,fit,0.9999904486900161,9.551309983061738e-06
388,fit,0.9981762507448859,0.0018237492551140986
130,fit,0.9988939302436876,0.0011060697563125424
135,fit,0.9990166774848322,0.000983322515167623
264,fit,0.7986492799679508,0.20135072003204962
372,fit,0.9959102848354726,0.004089715164526921
92,fit,0.9848877049121402,0.015112295087860026
424,fit,0.5716938291990122,0.42830617080098754
82,fit,0.0008377545166977638,0.999162245483303
160,fit,0.001190950550973858,0.9988090494490253
392,fit,0.9882987241870065,0.011701275812993408
12,fit,0.983181414319364,0.01681858568063613
364,fit,0.862331954634906,0.13766804536509455
101,fit,0.007240134915102382,0.992759865084898
374,fit,0.09895143068912568,0.9010485693108745
251,fit,0.9951551082760385,0.00484489172396146
71,fit,0.998390722308604,0.0016092776913958868
245,fit,0.01501248719645414,0.9849875128035459
26,fit,0.1538489364025966,0.846151063597404
411,fit,0.6329419804241967,0.3670580195758031
362,fit,0.9999236868897887,7.631311021160114e-05
247,fit,0.9913607927755264,0.008639207224474001
103,fit,0.0358411103519178,0.9641588896480819
65,fit,0.965970698675646,0.034029301324353646
174,fit,0.0006648654426682399,0.999335134557332
244,fit,0.27870236772320617,0.721297632276794
422,fit,0.05863681899806882,0.9413631810019311
368,fit,0.9999057093343571,9.429066564266925e-05
271,fit,0.9999533347374501,4.6665262549188514e-05
224,fit,0.8437274072829881,0.15627259271701188
52,fit,0.16680768428191736,0.8331923157180826
183,fit,0.004404782317692988,0.9955952176823072
267,fit,0.0007770004314204122,0.9992229995685795
87,fit,8.447794725375105e-06,0.9999915522052742
186,fit,0.9989954514162571,0.0010045485837431607
263,fit,0.9970083280828114,0.002991671917188289
106,fit,0.9957761812554224,0.004223818744578014
367,fit,0.9968710441835961,0.0031289558164034666
255,fit,0.0850125683557668,0.9149874316442329
173,fit,0.03093828863991647,0.9690617113600835
401,fit,0.9997568347929774,0.00024316520702221227
416,fit,0.042834854105813745,0.9571651458941861
113,fit,0.9860831123183573,0.013916887681642658
210,fit,0.0006385328604070415,0.9993614671395928
122,fit,0.9958999320096434,0.00410006799035646
28,fit,0.998942753370606,0.0010572466293941808
66,fit,3.8129701605520604e-07,0.9999996187029846
307,fit,0.0008539058443342402,0.9991460941556656
402,fit,0.999182096860714,0.0008179031392863066
84,fit,0.9961785079100762,0.003821492089923827
418,fit,0.014157445423165415,0.9858425545768346
233,fit,0.9803870627770433,0.019612937222956414
344,fit,0.0022945727483184588,0.9977054272516824
329,fit,0.9946111404852799,0.005388859514720526
342,fit,0.006495687412427481,0.9935043125875728
114,fit,0.989959396443874,0.01004060355612613
332,fit,0.0003692616712255795,0.9996307383287748
227,fit,0.0881545909994635,0.9118454090005361
203,fit,0.29678617377999156,0.7032138262200088
305,fit,9.922567851015797e-05,0.9999007743214897
181,fit,0.050704343551632926,0.9492956564483671
63,fit,0.12616735370967475,0.8738326462903258
86,fit,4.981923827086444e-07,0.9999995018076164
202,fit,0.000309842815150582,0.9996901571848498
423,fit,0.9367878254266196,0.06321217457338082
222,fit,0.00667852181198646,0.993321478188014
136,fit,0.9974515590817673,0.002548440918232634
94,fit,0.9993914730400097,0.000608526959989738
296,fit,0.6352120682831415,0.3647879317168584
319,fit,0.9826378028715569,0.01736219712844256
91,fit,0.9999662259762266,3.377402377302124e-05
78,fit,0.00028464152796414037,0.9997153584720355
51,fit,0.9944775216532347,0.005522478346764973
142,fit,0.7876383378169731,0.2123616621830277
193,fit,0.9958306994623818,0.004169300537617855
378,fit,0.9946002866707544,0.005399713329245495
154,fit,0.7231969687585861,0.2768030312414136
50,fit,0.00010037077847174084,0.9998996292215278
10,fit,0.000919308431203336,0.9990806915687969
408,fit,0.0024567633290759425,0.9975432366709244
25,fit,0.006806804346130884,0.9931931956538689
13,fit,0.002886768755938565,0.9971132312440617
241,fit,0.9197681245268027,0.08023187547319757
59,fit,0.9966533940582307,0.0033466059417692094
240,fit,0.9534946335372684,0.046505366462731304
331,fit,0.9886234224335693,0.011376577566430762
61,fit,0.06949389765981884,0.9305061023401815
11,fit,0.016877344905798296,0.9831226550942014
201,fit,0.0008817880233780345,0.9991182119766219
350,fit,0.0007933742108318401,0.9992066257891683
399,fit,0.9999921504958983,7.849504101654556e-06
217,fit,2.5328673969711426e-05,0.9999746713260311
432,fit,0.6471981111458561,0.3528018888541438
119,fit,0.9956974092680556,0.004302590731944331
394,fit,0.9429778784586961,0.0570221215413038
38,fit,0.0086356827545427,0.9913643172454573
44,fit,0.0007625462362388426,0.9992374537637604
96,fit,0.2581851935154302,0.7418148064845695
425,fit,0.1802765027357474,0.8197234972642523
115,fit,0.9995071058158744,0.0004928941841256944
46,fit,0.00017357916485917973,0.9998264208351407
54,fit,0.003361603378993855,0.996638396621007
246,fit,0.0009222222495831049,0.9990777777504167
437,fit,0.999933788914468,6.621108553159791e-05
85,fit,0.5606963818280113,0.4393036181719883
99,fit,0.9999984598503578,1.540149642772447e-06
256,fit,0.9999676034257404,3.239657425923305e-05
72,fit,0.08680498399516529,0.9131950160048344
159,fit,0.01310744469421649,0.9868925553057838
5,fit,0.20935609471181763,0.7906439052881815
254,fit,0.09035180342325527,0.9096481965767457
155,fit,0.999999998449411,1.5505913282812693e-09
228,fit,0.9961523020905431,0.0038476979094573265
415,fit,0.9722133521034908,0.027786647896508886
164,fit,0.00038637965696997637,0.9996136203430301
70,fit,0.9916344306446512,0.008365569355348561
270,fit,0.999978473950421,2.1526049578928802e-05
358,fit,0.005438806193725758,0.9945611938062727
170,fit,0.9998148756128371,0.0001851243871627438
407,fit,0.8232234327715509,0.1767765672284494
182,fit,0.002292336025757966,0.9977076639742426
279,fit,0.9938913109775509,0.006108689022448802
359,fit,0.4908420586378166,0.5091579413621831
20,fit,0.21904397740403972,0.7809560225959606
18,fit,0.6768871950572896,0.32311280494271055
414,fit,0.6377922037966834,0.36220779620331617
90,fit,0.848381512678788,0.15161848732121225
9,fit,0.22982779966062947,0.7701722003393708
248,fit,0.9999987565297208,1.2434702796446627e-06
138,fit,0.3622047482118437,0.6377952517881565
200,fit,0.9846315993263293,0.015368400673671043
104,fit,0.704771542216471,0.2952284577835285
80,fit,0.5006421837327806,0.49935781626721976
41,fit,0.7115518902751718,0.28844810972482793
237,fit,0.9980838722612035,0.0019161277387966592
100,fit,0.9987552185223963,0.001244781477603252
360,fit,0.8318369510290778,0.16816304897092157
143,fit,0.9990488269455444,0.0009511730544570874
21,fit,0.2915181673585802,0.7084818326414196
258,fit,0.9426868684874709,0.05731313151252938
167,fit,0.009190686118316686,0.9908093138816831
291,fit,0.8189211012020102,0.18107889879798955
316,fit,0.0009578423530961864,0.9990421576469036
357,fit,0.9999999953215397,4.678460800596453e-09
58,fit,0.0005273763741066169,0.9994726236258933
242,fit,0.9927665135609955,0.007233486439004181
438,fit,7.215799577854211e-05,0.9999278420042219
312,fit,0.9733917678581353,0.026608232141864807
318,fit,0.38125881878298,0.6187411812170197
209,fit,0.16530433217099605,0.834695667829004
419,fit,0.0003217257604057268,0.9996782742395934
37,fit,0.5354238951891461,0.4645761048108536
397,fit,0.01186699219853547,0.9881330078014641
158,fit,0.9942740575393729,0.005725942460627149
83,fit,0.007840938389640733,0.9921590616103597
381,fit,0.9990100008030042,0.000989999196995676
68,fit,0.016851086276366566,0.9831489137236336
157,fit,0.0018568183940319725,0.9981431816059682
347,fit,0.00593902628835748,0.9940609737116428
386,fit,0.9995181316679926,0.00048186833200742236
6,fit,0.10069199038675744,0.8993080096132422
439,fit,0.992642785624249,0.007357214375750792
194,fit,0.0034807604085582205,0.996519239591441
420,fit,0.7032159466869703,0.29678405331302976
123,fit,0.9999999204842758,7.951572347453264e-08
27,fit,0.9982633319129209,0.0017366680870794851
366,fit,0.022399699909914774,0.9776003000900849
69,fit,0.49274580399154205,0.5072541960084579
303,fit,0.01050670125758819,0.9894932987424114
406,fit,0.9989465479173734,0.0010534520826263206
302,fit,0.0020413138933365166,0.9979586861066633
24,fit,0.00026345550221006656,0.9997365444977893
361,fit,0.9913668487948709,0.0086331512051291
276,fit,0.9999604050668589,3.959493314184168e-05
301,fit,0.08095578131463584,0.9190442186853638
163,fit,0.9916495573574757,0.00835044264252436
3,fit,0.016037413407007504,0.9839625865929926
390,fit,0.9991257790972764,0.0008742209027234597
172,fit,1.793607817818769e-05,0.9999820639218224
340,fit,0.9701051608025327,0.029894839197467143
355,fit,0.7348606367027019,0.2651393632972984
293,fit,0.8269569192879601,0.17304308071203964
297,fit,0.9856657169380765,0.014334283061923274
64,fit,0.003044875575227092,0.996955124424773
356,fit,0.996792811479322,0.0032071885206783612
196,fit,0.9090853325343812,0.09091466746561863
375,fit,0.9939175062684218,0.006082493731578564
215,fit,0.007874759907716992,0.9921252400922831
112,fit,0.001553573176689246,0.9984464268233105
393,fit,0.9052583191430917,0.09474168085690819
341,fit,0.004456530561095057,0.9955434694389046
383,fit,0.12317950391701882,0.8768204960829815
338,fit,0.9968375599363296,0.003162440063669962
284,fit,0.994865233099871,0.0051347669001286875
391,fit,0.9991120387368564,0.0008879612631433486
349,fit,0.9373801578748574,0.06261984212514231
309,fit,0.992095524007048,0.007904475992952308
311,fit,0.9980634223116172,0.0019365776883825815
339,fit,0.9996660913897469,0.00033390861025401887
295,fit,0.7538494060856409,0.24615059391435892
288,fit,0.9940220484229301,0.005977951577069848
88,fit,0.22086930060104878,0.779130699398951
435,fit,0.16804738362020855,0.8319526163797919
252,fit,5.188600541963846e-05,0.9999481139945811
121,fit,0.997327716387779,0.002672283612221514
310,fit,0.0006040860039722722,0.9993959139960277
178,fit,0.9840047308216845,0.01599526917831594
398,fit,0.9998717023568537,0.00012829764314656168
117,fit,0.9870496066733156,0.01295039332668473
353,fit,0.9993789501980134,0.000621049801987267
379,fit,0.9892850736503707,0.01071492634962964
294,fit,0.0033243614133907184,0.9966756385866097
326,fit,0.08796152169237287,0.9120384783076272
179,fit,0.9238053308509379,0.07619466914906226
45,fit,0.045822360638531345,0.9541776393614693
259,fit,0.9642952800596317,0.03570471994036814
346,fit,0.08459449966741216,0.915405500332588
57,fit,5.11564755066507e-05,0.9999488435244935
283,fit,0.8896587117611978,0.11034128823880253
145,fit,0.9408810897028645,0.05911891029713568
325,fit,0.9939059349776257,0.006094065022374564
431,fit,0.17686800615879064,0.8231319938412092
299,fit,0.03403461521136016,0.9659653847886401
354,fit,0.00018778290343427178,0.9998122170965655
428,fit,0.6625251652743499,0.3374748347256495
220,fit,0.9999845831231097,1.5416876890320233e-05
73,fit,0.9315530627697358,0.06844693723026465
79,fit,0.9990456504470753,0.0009543495529243839
53,fit,0.24305997513100114,0.7569400248689991
315,fit,0.7663376256511458,0.23366237434885453
324,fit,0.6976410066055437,0.30235899339445627
36,fit,0.013491575311420654,0.9865084246885791
60,fit,0.01488531325688222,0.9851146867431175
180,fit,0.9512100893426694,0.04878991065733042
380,fit,0.11336856489077565,0.8866314351092247
257,fit,0.7297439727231545,0.2702560272768454
440,fit,0.9653991363825928,0.03460086361740753
345,fit,0.9989123846132117,0.0010876153867886843
109,fit,0.011686900410275189,0.9883130995897251
405,fit,0.8963200836557884,0.10367991634421145
400,fit,0.9998106559361846,0.00018934406381504435
236,fit,0.6075541489066723,0.3924458510933275
93,fit,3.0765130186162436e-05,0.9999692348698137
131,fit,0.9992186144932945,0.0007813855067055972
417,fit,0.0032837379341194056,0.9967162620658806
365,fit,0.9974447738612675,0.0025552261387328384
185,fit,0.9736921561736491,0.026307843826349202
404,fit,0.2640624056999653,0.7359375943000338
238,fit,0.9999507352126742,4.926478732505511e-05
19,fit,0.04825036356709307,0.9517496364329073
147,fit,0.9985429508031172,0.0014570491968826503
387,fit,0.920098407385638,0.07990159261436179
62,fit,9.038266544788368e-06,0.9999909617334557
384,fit,0.9910244015543981,0.0089755984456021
272,fit,0.9772568255884722,0.022743174411528046
376,fit,0.9986164134664879,0.0013835865335127637
369,fit,0.9995099482448621,0.0004900517551375275
22,fit,0.998759309104206,0.0012406908957940043
280,fit,0.037583075668127276,0.962416924331873
396,fit,0.9982471756295082,0.0017528243704916673
49,fit,0.011651765147637497,0.9883482348523625
221,fit,0.9999260193035971,7.398069640280792e-05
300,fit,0.9920161706838033,0.007983829316196076
218,fit,0.9990458792369925,0.0009541207630073562
395,fit,0.9988860537557961,0.0011139462442040702
31,fit,0.09631132614589592,0.9036886738541042
243,fit,0.9983515959905053,0.001648404009495066
371,fit,0.806642450108235,0.19335754989176543
333,fit,0.9959018892355339,0.004098110764466011
8,fit,0.04514162685876619,0.9548583731412338
110,fit,0.02610995474667908,0.9738900452533217
292,fit,0.9796369569330707,0.02036304306692905
146,fit,3.5741244952576325e-05,0.9999642587550479
427,fit,0.008695905404658736,0.9913040945953416
152,reused_holdout,0.9301743793777292,0.06982562062227081
289,reused_holdout,0.9996464927110899,0.0003535072889098737
15,reused_holdout,0.0033374517434419737,0.9966625482565582
166,reused_holdout,0.002136245193928693,0.9978637548060718
370,reused_holdout,0.9999972029658493,2.7970341506263204e-06
226,reused_holdout,0.7849860338288805,0.21501396617111956
274,reused_holdout,0.9979031006692263,0.002096899330773802
278,reused_holdout,0.9999598869283709,4.0113071629585456e-05
35,reused_holdout,0.9591570388365336,0.040842961163466765
128,reused_holdout,0.02718118242974254,0.9728188175702572
42,reused_holdout,0.356590877389455,0.6434091226105448
81,reused_holdout,0.9860710748381606,0.01392892516183908
208,reused_holdout,0.2236563675876799,0.7763436324123204
429,reused_holdout,0.6058306806278307,0.3941693193721695
317,reused_holdout,0.9992584985659058,0.0007415014340940155
124,reused_holdout,0.13274694471629145,0.8672530552837083
352,reused_holdout,0.0002361029233402108,0.9997638970766598
129,reused_holdout,0.334863023677377,0.6651369763226214
304,reused_holdout,0.019337388446817677,0.9806626115531825
313,reused_holdout,0.00570304252756695,0.9942969574724333
125,reused_holdout,0.9925192829717192,0.007480717028281115
97,reused_holdout,0.013649880683076186,0.9863501193169237
211,reused_holdout,0.9975467739054569,0.0024532260945429886
39,reused_holdout,0.00015851006596845363,0.9998414899340318
426,reused_holdout,0.9985749793085038,0.0014250206914964189
230,reused_holdout,0.9793258283511765,0.020674171648823507
262,reused_holdout,0.9999801502531407,1.9849746859003935e-05
336,reused_holdout,0.024643560099886858,0.9753564399001128
231,reused_holdout,0.5919282764036508,0.4080717235963491
323,reused_holdout,0.9949985701223271,0.005001429877672845
89,reused_holdout,0.9998959946610083,0.00010400533899240833
348,reused_holdout,0.03368714349712635,0.9663128565028737
385,reused_holdout,0.035979673526216685,0.964020326473784
76,reused_holdout,0.9999999999717204,2.8278158334586358e-11
140,reused_holdout,0.716376728325866,0.2836232716741337
30,reused_holdout,0.9642857813767377,0.03571421862326286
382,reused_holdout,0.9972399711282837,0.0027600288717161583
176,reused_holdout,0.0009809514127119112,0.999019048587288
261,reused_holdout,0.8120747690874082,0.18792523091259153
260,reused_holdout,0.6483282314036796,0.3516717685963208
156,reused_holdout,0.00013122961326075757,0.9998687703867389
56,reused_holdout,0.32980363202548507,0.6701963679745153
133,reused_holdout,0.9623669784388114,0.03763302156118876
377,reused_holdout,0.011726433762145494,0.9882735662378542
77,reused_holdout,0.7361073386901673,0.2638926613098324
306,reused_holdout,0.0050119827658917085,0.9949880172341087
214,reused_holdout,0.03828145066696304,0.9617185493330372
290,reused_holdout,0.9999999112291217,8.877087854794976e-08
171,reused_holdout,0.002214852195343828,0.9977851478046563
269,reused_holdout,0.003715378074840261,0.9962846219251597
197,reused_holdout,0.7898713232022161,0.21012867679778416
327,reused_holdout,0.9975173201171476,0.002482679882852311
322,reused_holdout,0.978932358938163,0.021067641061836975
286,reused_holdout,0.9995122803006423,0.0004877196993583111
98,reused_holdout,0.9999969086312744,3.0913687255165725e-06
373,reused_holdout,0.9204189899850993,0.07958101001490103
4,reused_holdout,0.9887906549916755,0.011209345008324269
175,reused_holdout,0.973248188850102,0.026751811149898642
189,reused_holdout,0.02075443455333666,0.979245565446663
287,reused_holdout,0.9927952380133612,0.007204761986638732
409,reused_holdout,0.35099030004937876,0.6490096999506211
16,reused_holdout,0.9499911404108923,0.05000885958910724
116,reused_holdout,0.9985701613601251,0.0014298386398746243
169,reused_holdout,0.9999656714926988,3.432850730148294e-05
32,reused_holdout,0.7765705030600225,0.22342949693997785
43,reused_holdout,0.008336041574260227,0.9916639584257405
351,reused_holdout,0.9983570642445291,0.0016429357554706215
337,reused_holdout,0.9989724073006083,0.0010275926993912438
249,reused_holdout,0.8834272841255638,0.1165727158744367
29,reused_holdout,7.902289603689353e-05,0.9999209771039631
298,reused_holdout,0.24505361592818015,0.75494638407182
265,reused_holdout,0.00025166707096249127,0.9997483329290381
108,reused_holdout,0.0027465245875225013,0.9972534754124774
430,reused_holdout,0.9532434733361169,0.04675652666388233
266,reused_holdout,0.019196935547341785,0.9808030644526574
17,reused_holdout,0.0011430110042007242,0.9988569889957998
330,reused_holdout,0.9806539891370704,0.019346010862929443
412,reused_holdout,0.8962627629782972,0.10373723702170307
14,reused_holdout,0.023733548217295068,0.9762664517827049
105,reused_holdout,0.9011771057978453,0.09882289420215434
253,reused_holdout,0.9887395019334742,0.01126049806652626
216,reused_holdout,0.0014851101620487034,0.998514889837951
126,reused_holdout,0.9355261952572435,0.06447380474275723
403,reused_holdout,0.9957759544270284,0.00422404557297199
190,reused_holdout,0.0009920348310638101,0.9990079651689359
150,reused_holdout,0.9990828027971204,0.0009171972028795398
127,reused_holdout,0.9990445446793041,0.0009554553206957939
177,reused_holdout,0.691420337390811,0.30857966260918956
